<?xml version="1.0" encoding="UTF-8"?>
<!DOCTYPE mapper
  PUBLIC "-//mybatis.org//DTD Mapper 3.0//EN"
  "https://mybatis.org/dtd/mybatis-3-mapper.dtd">
<mapper namespace="tblproduct">

	<!-- 동적쿼리 예시 : 상품 조회에 필요한 검색필터. 아래 4개 중 하나의 쿼리로 실행되게 할 수 있습니다.
					  동적쿼리를 위해서 where, if, trim 마이바티스 태그 사용합니다.
	 -->
	<!-- 예시 : select * from TBL_PRODUCT 
				where category ='B2' and pname like '%'|| '사과' || '%'   => 파라미터 2개 모두 있을 때
			                      또는 
			    select * from TBL_PRODUCT 
				where category ='B2'    => keyword 파라미터가 없을 때
								  또는
				select * from TBL_PRODUCT 
				where pname like '%'|| '사과' || '%'   => category 파라미터가 없을 때
								  또는 
				select * from TBL_PRODUCT		=> 파라미터 2개 모두 없을 때
	-->
	<select id="search" resultType="ProductDto" parameterType="java.util.Map">
    	select * from tbl_product
    	<!-- if 중 하나라도 조건식이 만들어 질때만 where 작성. 아래 if 의 test 값은 조건식 입니다. -->
    	<where>
    		<!-- category 파라미터값이 null 이 아닐때. -->
			<if test="category!=null">
				category = #{category}
			</if>
    	<!--  keyword 파라미터값이 null 이 아닐때.-->
			<if test="keyword!=null">  
				<!-- 앞의 조건식 없으면 and 는 trim -->
				<trim prefix="and">   <!-- 이 위치에 and 문자열을 출력.  -->
				pname like '%' || #{keyword} || '%'
				</trim>
			</if>
		<!-- test 논리연산 : and , or -->
			<if test="from!=null and to!=null">
				<trim prefix="and">
					price between #{from} and #{to}
				</trim>
			</if>
    	</where>
    	<if test="column!=null">
    	ORDER BY ${column}
    	</if>
    	</select>
    	<!-- 카테고리 가져오기 -->
    	<select id = "getCategories" resultType = "day4.mybatis.dto.CateDto">
    	<!--  select distinct category from tbl_product order by category -->
    	select * from tbl_category order by code
	    </select>

	<select id="selectAll" resultType="ProductDto">
		SELECT * FROM TBL_PRODUCT 
			ORDER BY pcode 
	</select>
	<!--  insert, update, delete 는 리턴타입  지정 안 합니다. (그래도 값은 리턴해 줍니다.) -->
	<insert id="insert" parameterType="ProductDto">
		INSERT INTO TBL_PRODUCT 
				VALUES (#{pcode},#{category},#{pname},#{price})
	</insert>
	<select id="selectByCategory" parameterType="String" resultType="ProductDto">
		SELECT * FROM TBL_PRODUCT 
                   WHERE CATEGORY = #{category}
                   ORDER BY PNAME
	
	</select>
	<select id="selectByPname" parameterType="String" resultType="ProductDto">
		SELECT * FROM TBL_PRODUCT 
             WHERE PNAME LIKE '%' || #{pname} || '%'
             ORDER BY CATEGORY
	</select>
	<select id="getPriceTable" resultType="ProductDto">
		select pcode,price from tbl_product
	</select>
	<delete id="delete" parameterType="String"> 
		DELETE FROM TBL_PRODUCT 
           WHERE PCODE= #{pcode}	
	</delete>
</mapper>  