<?xml version="1.0" encoding="UTF-8" ?>
<!DOCTYPE mapper
  PUBLIC "-//mybatis.org//DTD Mapper 3.0//EN"
  "http://mybatis.org/dtd/mybatis-3-mapper.dtd">
 <mapper namespace="demomember">
 	<insert id="join" parameterType="org.iclass.vo.DemoMember">
 		insert into 
 		demo_member(userid,password,name,birth,gender,email,phone,postalCode,address1,address2,address3,address4,adultYn,favorites)
 		values
 		(#{userid},#{password},#{name},#{birth},#{gender},#{email},#{phone},#{postalCode},
 				#{address1},#{address2},#{address3},#{address4},#{adultYn},#{favorites})
 	</insert>
 
 	<select id="listAll" resultType="org.iclass.vo.DemoMember">
 		SELECT *
 		FROM
 			demo_member
 	</select>
 	<select id="getById" resultType="org.iclass.vo.DemoMember" parameterType="String">
 		SELECT * 
		FROM 
			demo_member
		WHERE 
			userid=#{userid} 
 	</select>
	<select id="login" resultType="org.iclass.vo.DemoMember" parameterType="java.util.Map">
		SELECT * 
		FROM 
			demo_member
		WHERE 
			userid=#{userid} and password=#{password}
	</select> 	
	<update id="updatePassword" parameterType="java.util.Map">  <!-- 기존 패스워드를 해쉬값으로 변경하기 위해 사용(테스트용) -->
		UPDATE demo_member
		SET password=#{password}
		WHERE 
			userid=#{userid}
	</update>
	<update id="modify" parameterType="org.iclass.vo.DemoMember">
		UPDATE demo_member
		SET email=#{email},
			phone=#{phone},
			favorites=#{favorites},
			address1=#{address1},
			address2=#{address2},
			address3=#{address3},
			address4=#{address4},
			postalCode=#{postalCode}
	  WHERE
	  		userid=#{userid}		
	</update>
	<delete id="drop">
		DELETE FROM  demo_member WHERE userid=#{userid}
	</delete>
 </mapper>
 
 
 
 
 
 