<?xml version="1.0" encoding="UTF-8"?>
<!DOCTYPE configuration
  PUBLIC "-//mybatis.org//DTD Config 3.0//EN"
  "http://mybatis.org/dtd/mybatis-3-config.dtd">
<!-- mybatis가 데이터베이스에 연결하기 위한 설정(config)파일
https://mybatis.org/mybatis-3/ko/getting-started.html 참고
 -->
<configuration>  <!-- db 설정 -->
	
 	<!--  datasource 태그 안에 4개의 프로퍼티값이 저장된 파일 : 파일 위치한 패키지이름을 디렉토리형식(/)으로 작성-->
  <properties resource="mybatis/db.properties"/>
  
  <typeHandlers>
	<package name="org.iclass.vo"/>
  </typeHandlers>
  <!-- 패키지가 다른 예시  resource="org/iclass/mybatis/db.properties"-->
  <!--  db 연결정보 -->
  <environments default="development">
    <environment id="development">
      <transactionManager type="JDBC"/>
<!-- 데이터베이스 연결 풀 DBCP 설정 : el ${ } 기호안의 값은 properties 파일에서 읽어옵니다.
	 github 등과 같이 공유할 때 db.properties 파일은 보안이 필요한 데이터로 제외합니다.
	 properties 파일의 값이 바뀔때 파일을 변경해서 파일명만 바꾸는 등 관리가 쉽습니다.
-->
      <dataSource type="POOLED">  
      <!-- DataBase Connection Pool(저장소) : 커넥션 객체를 여러개 생성해서 저장하고
      	사용자 요청이 있을때 풀에서 객체를 할당해 줍니다.요청에 대한 응답이 완료되면 다시 풀에 반환.
      	풀 관리는 톰캣에서 하고 구현시는 dataSource 객체를 설정해 주면 됩니다.
      -->
        <property name="driver" value="${driver}"/>
        <property name="url" value="${url}"/>
        <property name="username" value="${username}"/>
        <property name="password" value="${password}"/>
      </dataSource>
    </environment>
  </environments>

  <!-- JDBC로 처리하는 상당부분의 코드와 파라미터 설정 및 결과 매핑 해준다. 
  		매퍼 파일을 등록.    -->
  <mappers>
  	<!-- 실행할 SQL 쿼리 저장한 파일. mapper파일위치와 파일명 오류나지 않도록 확인!! 테이블컬럼과 자바객체 변수(프로퍼티) 를 바로 매핑. -->
    <mapper resource="mybatis/community.xml"/>
    <mapper resource="mybatis/communityComments.xml"/>
    <mapper resource="mybatis/demomember.xml"/>
    <!-- 
    resource 속성일 때 파일의 패키지명은 . 아니고 / 기호 사용합니다.
    sql mapper 파일은 여러개 사용될 수 있습니다. -->
  </mappers>
</configuration>


